1,1,4.5,"J'ai adoré ce film ! Très bien réalisé et captivant."
1,2,3.8,"Un bon film, mais je m'attendais à un peu plus de suspense."
2,3,4.2,"Excellent film, plein d'action et de rebondissements."
2,4,4.0,"Très bon film, mais la fin était un peu prévisible."
3,5,3.5,"Pas mal, mais l'intrigue aurait pu être mieux développée."
3,6,4.1,"J'ai beaucoup aimé les effets spéciaux, mais l'histoire était un peu faible."
4,7,4.7,"Un chef d'œuvre ! Un casting incroyable et une histoire captivante."
4,8,3.9,"Bon film dans l'ensemble, mais quelques longueurs."
5,9,4.4,"Excellent film, émouvant et bien interprété."
5,10,4.3,"Très bon film, mais la fin m'a laissé sur ma faim."
6,11,3.7,"Pas mal, mais j'ai trouvé certaines scènes un peu clichées."
6,12,3.6,"Assez divertissant, mais rien de vraiment mémorable."
18,25,5,"Que dire... Foncez :D"
7,13,4.5,"Un film brillamment réalisé avec des performances exceptionnelles."
7,14,3.8,"Bon film, mais je m'attendais à un peu plus de suspense."
8,15,4.2,"Très bon film, bien rythmé et bien joué."
8,16,4.0,"Un bon film, mais la fin était un peu prévisible."
9,17,3.5,"Pas mal, mais l'intrigue aurait pu être mieux développée."
9,18,4.1,"J'ai beaucoup aimé l'atmosphère du film, mais l'histoire était un peu faible."
10,19,4.7,"Un chef-d'œuvre ! Un casting incroyable et une histoire captivante."
10,20,3.9,"Bon film dans l'ensemble, mais quelques longueurs."
10,17,5,"Incroyable ! A voir absolument !"
